{
  "project_info": {
    "project_number": "71381674241",
    "project_id": "move-411309",
    "storage_bucket": "move-411309.appspot.com"
  },
  "client": [
    {
      "client_info": {
        "mobilesdk_app_id": "1:71381674241:android:32937774bd2c3b85d69300",
        "android_client_info": {
          "package_name": "com.move.move"
        }
      },
      "oauth_client": [
        {
          "client_id": "71381674241-sueb2pbajk0km446g54qekuaenrkfgbd.apps.googleusercontent.com",
          "client_type": 3
        }
      ],
      "api_key": [
        {
          "current_key": "AIzaSyBc7lkDnvDwTXsJC7MKFiml5ZGaDQoJD2U"
        }
      ],
      "services": {
        "appinvite_service": {
          "other_platform_oauth_client": [
            {
              "client_id": "71381674241-sueb2pbajk0km446g54qekuaenrkfgbd.apps.googleusercontent.com",
              "client_type": 3
            }
          ]
        }
      }
    }
  ],
  "configuration_version": "1"
}